<?xml version="1.0" encoding="UTF-8"?>
<project-private xmlns="http://www.netbeans.org/ns/project-private/1">
    <editor-bookmarks xmlns="http://www.netbeans.org/ns/editor-bookmarks/2" lastBookmarkId="0"/>
    <open-files xmlns="http://www.netbeans.org/ns/projectui-open-files/2">
        <group>
            <file>file:/C:/Users/Diego/Desktop/ProyectoFinal/CORREGIDO_EDA/src/RegistroActaElectoral/ActaElectoral.java</file>
            <file>file:/C:/Users/Diego/Desktop/ProyectoFinal/CORREGIDO_EDA/src/InicioPantallaVotacion/InicioVotante.java</file>
            <file>file:/C:/Users/Diego/Desktop/ProyectoFinal/CORREGIDO_EDA/src/InicioPantallaVotacion/Registrar.java</file>
            <file>file:/C:/Users/Diego/Desktop/ProyectoFinal/CORREGIDO_EDA/src/GestionElecciones/CrearEleccion.java</file>
            <file>file:/C:/Users/Diego/Desktop/ProyectoFinal/CORREGIDO_EDA/src/miembrosMesa/inicioregistrar.java</file>
            <file>file:/C:/Users/Diego/Desktop/ProyectoFinal/CORREGIDO_EDA/src/InterfazVotacion/Votar.java</file>
            <file>file:/C:/Users/Diego/Desktop/ProyectoFinal/CORREGIDO_EDA/src/conteoVotos/Conteo.java</file>
            <file>file:/C:/Users/Diego/Desktop/ProyectoFinal/CORREGIDO_EDA/src/RegistroVotos/Registro.java</file>
            <file>file:/C:/Users/Diego/Desktop/ProyectoFinal/CORREGIDO_EDA/src/miembrosMesa/Miembro.java</file>
            <file>file:/C:/Users/Diego/Desktop/ProyectoFinal/CORREGIDO_EDA/src/GestionCandidatos/JframeMunicipal.java</file>
            <file>file:/C:/Users/Diego/Desktop/ProyectoFinal/CORREGIDO_EDA/src/GestionCandidatos/JframePresidencial.java</file>
            <file>file:/C:/Users/Diego/Desktop/ProyectoFinal/CORREGIDO_EDA/src/mesaElectoral/MesaVotacion.java</file>
            <file>file:/C:/Users/Diego/Desktop/ProyectoFinal/CORREGIDO_EDA/src/mesaElectoral/GestionMesasElectorales.java</file>
        </group>
    </open-files>
</project-private>
